Length_Bytes,Alignment_Bytes,Alpha_Percent,Time_Serial_ns,Time_SIMD_ns
32,32,0,1397,1396
32,32,10,1466,908
32,32,20,978,1467
32,32,30,1397,1397
32,32,40,1885,1397
32,32,50,1466,1467
32,32,60,1467,1397
32,32,70,977,1467
32,32,80,1397,977
32,32,90,1466,1397
32,32,100,1397,908
32,1,0,1397,1397
32,1,10,978,1467
32,1,20,1397,1466
32,1,30,1397,1397
32,1,40,1397,978
32,1,50,1397,1397
32,1,60,1467,978
32,1,70,1466,1466
32,1,80,907,1397
32,1,90,1397,1466
32,1,100,1467,1396
41,32,0,1397,1467
41,32,10,1396,908
41,32,20,1467,1467
41,32,30,1466,1467
41,32,40,1956,977
41,32,50,1467,1466
41,32,60,1466,978
41,32,70,1956,1397
41,32,80,1886,1466
41,32,90,1397,1397
41,32,100,1397,1397
41,1,0,1955,1467
41,1,10,1467,1466
41,1,20,1467,977
41,1,30,1397,908
41,1,40,1816,1397
41,1,50,1467,1467
41,1,60,1397,978
41,1,70,1397,1467
41,1,80,1885,978
41,1,90,1396,1397
41,1,100,1467,978
53,32,0,1397,1397
53,32,10,1467,1467
53,32,20,1397,1396
53,32,30,1466,1397
53,32,40,1467,1396
53,32,50,1886,1396
53,32,60,1396,978
53,32,70,1467,908
53,32,80,1397,1397
53,32,90,1397,1397
53,32,100,978,977
53,1,0,1466,1397
53,1,10,1466,1397
53,1,20,1467,977
53,1,30,1886,1885
53,1,40,1885,1397
53,1,50,1886,1396
53,1,60,1955,1467
53,1,70,1885,1397
53,1,80,1466,978
53,1,90,1885,978
53,1,100,1466,978
69,32,0,977,1467
69,32,10,1955,1397
69,32,20,1467,1396
69,32,30,1886,1396
69,32,40,1397,977
69,32,50,1397,978
69,32,60,1467,1397
69,32,70,1397,1467
69,32,80,1466,978
69,32,90,1467,978
69,32,100,1466,908
69,1,0,1885,1467
69,1,10,1397,908
69,1,20,978,1466
69,1,30,1816,1397
69,1,40,1956,1467
69,1,50,1885,908
69,1,60,1466,908
69,1,70,1886,978
69,1,80,1467,1466
69,1,90,1396,908
69,1,100,1467,978
89,32,0,1397,908
89,32,10,1397,1397
89,32,20,977,1467
89,32,30,1467,1396
89,32,40,1886,1467
89,32,50,1467,1467
89,32,60,1885,978
89,32,70,1397,1397
89,32,80,1397,1467
89,32,90,1397,1467
89,32,100,1467,908
89,1,0,1397,1397
89,1,10,1397,1397
89,1,20,1397,1397
89,1,30,1955,1397
89,1,40,1467,1467
89,1,50,1956,978
89,1,60,1397,1397
89,1,70,1955,1397
89,1,80,1467,978
89,1,90,1396,908
89,1,100,1397,1467
114,32,0,1466,978
114,32,10,1886,1397
114,32,20,1886,1396
114,32,30,1956,1466
114,32,40,1466,1397
114,32,50,1885,1397
114,32,60,1955,1467
114,32,70,1466,978
114,32,80,1396,1467
114,32,90,1397,1397
114,32,100,1467,977
114,1,0,1397,978
114,1,10,1397,1397
114,1,20,1886,1397
114,1,30,1956,1397
114,1,40,1886,1397
114,1,50,1886,978
114,1,60,1886,1397
114,1,70,1467,1396
114,1,80,1397,1397
114,1,90,1396,1397
114,1,100,1396,978
147,32,0,1397,1397
147,32,10,1467,1397
147,32,20,1886,1396
147,32,30,1955,1467
147,32,40,977,1327
147,32,50,1397,1397
147,32,60,1956,1397
147,32,70,1467,1397
147,32,80,1956,977
147,32,90,1886,978
147,32,100,1397,1467
147,1,0,1397,1397
147,1,10,1886,1397
147,1,20,1467,1397
147,1,30,1886,1466
147,1,40,1816,1397
147,1,50,1955,978
147,1,60,1886,1397
147,1,70,2375,908
147,1,80,1885,1397
147,1,90,1886,1466
147,1,100,978,1467
190,32,0,1397,1397
190,32,10,1397,1466
190,32,20,1397,1466
190,32,30,1955,1397
190,32,40,1886,1397
190,32,50,1955,1467
190,32,60,1885,1397
190,32,70,1886,1466
190,32,80,1466,1397
190,32,90,1467,908
190,32,100,1466,1397
190,1,0,1955,1467
190,1,10,1397,1397
190,1,20,1886,978
190,1,30,1886,1466
190,1,40,2374,1397
190,1,50,1816,1396
190,1,60,2305,978
190,1,70,1955,1467
190,1,80,1885,1397
190,1,90,1467,1397
190,1,100,1397,1467
245,32,0,1956,1466
245,32,10,1816,1397
245,32,20,1956,1397
245,32,30,1397,1466
245,32,40,1886,1397
245,32,50,1885,1397
245,32,60,2375,1466
245,32,70,1886,978
245,32,80,1956,1466
245,32,90,1885,978
245,32,100,1466,1467
245,1,0,1397,1396
245,1,10,1467,1397
245,1,20,1956,1467
245,1,30,1886,1397
245,1,40,2375,1397
245,1,50,1956,1397
245,1,60,1956,1396
245,1,70,1886,978
245,1,80,1886,1466
245,1,90,1466,1397
245,1,100,1467,1396
316,32,0,1397,1467
316,32,10,1885,1467
316,32,20,1956,1466
316,32,30,1397,978
316,32,40,2864,1396
316,32,50,2444,1467
316,32,60,2863,1397
316,32,70,2375,1466
316,32,80,2933,1885
316,32,90,1956,1397
316,32,100,1885,1466
316,1,0,1467,1467
316,1,10,2375,978
316,1,20,1886,1467
316,1,30,2304,1397
316,1,40,2445,1467
316,1,50,2375,1467
316,1,60,2864,1466
316,1,70,978,1397
316,1,80,1886,1466
316,1,90,1396,1397
316,1,100,1466,1467
408,32,0,2863,1397
408,32,10,1816,1397
408,32,20,2304,1397
408,32,30,2444,1467
408,32,40,1886,1466
408,32,50,2374,1397
408,32,60,3283,1397
408,32,70,2375,977
408,32,80,2375,1396
408,32,90,1956,1397
408,32,100,978,978
408,1,0,1397,978
408,1,10,1956,1467
408,1,20,1955,1397
408,1,30,2375,977
408,1,40,2793,1397
408,1,50,2794,908
408,1,60,2445,978
408,1,70,2374,1467
408,1,80,1955,1467
408,1,90,1955,1397
408,1,100,1886,1397
527,32,0,1467,1467
527,32,10,1886,1467
527,32,20,2374,978
527,32,30,2794,1397
527,32,40,3352,1397
527,32,50,3353,1397
527,32,60,3352,1467
527,32,70,2794,1467
527,32,80,2794,1397
527,32,90,2305,1397
527,32,100,1886,978
527,1,0,978,978
527,1,10,1886,1467
527,1,20,2375,978
527,1,30,2374,1397
527,1,40,2793,1467
527,1,50,3352,1397
527,1,60,3423,1466
527,1,70,2375,1397
527,1,80,2375,1466
527,1,90,1886,1397
527,1,100,1466,1467
679,32,0,1956,1397
679,32,10,2374,978
679,32,20,2863,908
679,32,30,3353,1397
679,32,40,3283,907
679,32,50,3841,1397
679,32,60,2863,1467
679,32,70,2375,1397
679,32,80,2444,978
679,32,90,2374,1397
679,32,100,1955,1397
679,1,0,2375,1396
679,1,10,1956,1397
679,1,20,2305,1396
679,1,30,2933,978
679,1,40,2863,1467
679,1,50,3212,1397
679,1,60,2445,907
679,1,70,4330,1397
679,1,80,2444,1467
679,1,90,1886,978
679,1,100,1397,1397
876,32,0,1886,908
876,32,10,2445,1467
876,32,20,2934,908
876,32,30,3353,1397
876,32,40,3771,1397
876,32,50,3282,1397
876,32,60,3771,1397
876,32,70,4190,1397
876,32,80,2374,978
876,32,90,1885,1467
876,32,100,1885,978
876,1,0,1467,1397
876,1,10,2793,1467
876,1,20,2793,908
876,1,30,3352,1466
876,1,40,3841,1396
876,1,50,3842,978
876,1,60,4819,1397
876,1,70,3701,1397
876,1,80,2934,1467
876,1,90,2375,1397
876,1,100,1956,1397
1130,32,0,1955,908
1130,32,10,2374,1467
1130,32,20,3283,1397
1130,32,30,4261,908
1130,32,40,4750,1467
1130,32,50,5239,908
1130,32,60,5727,908
1130,32,70,3771,1466
1130,32,80,3841,1466
1130,32,90,2863,978
1130,32,100,1886,1397
1130,1,0,1886,1467
1130,1,10,3352,1466
1130,1,20,3841,1467
1130,1,30,3771,1397
1130,1,40,5658,1397
1130,1,50,5099,1466
1130,1,60,4889,1397
1130,1,70,3911,1397
1130,1,80,2933,1467
1130,1,90,2444,1466
1130,1,100,1886,978
1458,32,0,1955,978
1458,32,10,3283,978
1458,32,20,3912,1467
1458,32,30,5238,1467
1458,32,40,5657,1397
1458,32,50,6146,1397
1458,32,60,5657,1467
1458,32,70,5169,1397
1458,32,80,4261,1397
1458,32,90,2793,1467
1458,32,100,1885,978
1458,1,0,2304,908
1458,1,10,2934,1467
1458,1,20,3772,1397
1458,1,30,6146,1396
1458,1,40,5727,908
1458,1,50,5657,1466
1458,1,60,5727,978
1458,1,70,4749,1397
1458,1,80,4679,1467
1458,1,90,2864,1397
1458,1,100,1816,1467
1880,32,0,2375,1467
1880,32,10,2934,1467
1880,32,20,5727,1467
1880,32,30,6146,1397
1880,32,40,6705,1397
1880,32,50,7054,1467
1880,32,60,7194,978
1880,32,70,6285,1467
1880,32,80,5238,1397
1880,32,90,3352,1467
1880,32,100,2374,1467
1880,1,0,2375,1397
1880,1,10,4261,1467
1880,1,20,4749,1396
1880,1,30,5797,1397
1880,1,40,6984,908
1880,1,50,7473,1467
1880,1,60,7054,1467
1880,1,70,5727,1466
1880,1,80,4331,1467
1880,1,90,3772,1467
1880,1,100,1886,977
2426,32,0,2445,1466
2426,32,10,4261,978
2426,32,20,5657,978
2426,32,30,7264,977
2426,32,40,9010,977
2426,32,50,9080,1397
2426,32,60,8102,1467
2426,32,70,6705,1397
2426,32,80,5169,1397
2426,32,90,3911,978
2426,32,100,2374,1467
2426,1,0,2374,978
2426,1,10,3772,1397
2426,1,20,6704,1467
2426,1,30,7124,1397
2426,1,40,8102,1397
2426,1,50,8939,1397
2426,1,60,8101,1467
2426,1,70,6635,1467
2426,1,80,4261,1816
2426,1,90,4260,1397
2426,1,100,2444,1397
3129,32,0,2863,1467
3129,32,10,5727,1397
3129,32,20,8171,1956
3129,32,30,10546,1397
3129,32,40,10476,978
3129,32,50,11035,1467
3129,32,60,10336,1467
3129,32,70,10407,1397
3129,32,80,6774,1397
3129,32,90,5797,1397
3129,32,100,3911,908
3129,1,0,2863,1467
3129,1,10,4819,1466
3129,1,20,6565,1397
3129,1,30,8870,1467
3129,1,40,10476,1397
3129,1,50,13409,1466
3129,1,60,10616,1397
3129,1,70,8660,1466
3129,1,80,7683,1397
3129,1,90,5727,1467
3129,1,100,2793,1397
4036,32,0,3352,1397
4036,32,10,5727,1396
4036,32,20,8521,1397
4036,32,30,13270,1397
4036,32,40,12711,1397
4036,32,50,13829,1467
4036,32,60,12082,1397
4036,32,70,12781,1397
4036,32,80,9987,1397
4036,32,90,6705,908
4036,32,100,3353,1397
4036,1,0,3352,1397
4036,1,10,5727,1396
4036,1,20,8241,977
4036,1,30,10546,978
4036,1,40,13130,1467
4036,1,50,13899,1397
4036,1,60,12362,978
4036,1,70,13270,1467
4036,1,80,7194,1467
4036,1,90,5657,977
4036,1,100,3423,1397
5206,32,0,3911,1397
5206,32,10,8102,1467
5206,32,20,12711,1886
5206,32,30,13480,1397
5206,32,40,16343,1397
5206,32,50,17251,1397
5206,32,60,16133,1397
5206,32,70,12920,1397
5206,32,80,9429,978
5206,32,90,7054,1397
5206,32,100,3842,1467
5206,1,0,6704,1397
5206,1,10,7193,1467
5206,1,20,10127,978
5206,1,30,16553,1467
5206,1,40,16203,1397
5206,1,50,17740,1467
5206,1,60,15784,1396
5206,1,70,17041,1466
5206,1,80,8940,978
5206,1,90,8171,1397
5206,1,100,3841,1466
6716,32,0,5168,1466
6716,32,10,8939,1397
6716,32,20,59226,1396
6716,32,30,16552,1467
6716,32,40,20464,1466
6716,32,50,21371,908
6716,32,60,20184,1397
6716,32,70,18578,1397
6716,32,80,12223,1466
6716,32,90,8102,1466
6716,32,100,4400,1466
6716,1,0,4400,1466
6716,1,10,8032,1397
6716,1,20,11943,1396
6716,1,30,16692,1466
6716,1,40,31429,1467
6716,1,50,22279,1467
6716,1,60,24864,1467
6716,1,70,16134,1397
6716,1,80,12013,978
6716,1,90,8939,1397
6716,1,100,4819,1467
8663,32,0,5796,1467
8663,32,10,10406,1467
8663,32,20,14667,1467
8663,32,30,25702,1956
8663,32,40,25701,1397
8663,32,50,27378,1397
8663,32,60,25772,1467
8663,32,70,20045,1466
8663,32,80,18089,1396
8663,32,90,10825,1466
8663,32,100,5168,1886
8663,1,0,5238,1467
8663,1,10,10476,1467
8663,1,20,19626,1396
8663,1,30,23327,1396
8663,1,40,25631,1467
8663,1,50,27587,1397
8663,1,60,25143,1397
8663,1,70,24794,1885
8663,1,80,68724,1397
8663,1,90,10616,1396
8663,1,100,5308,977
11174,32,0,6635,1397
11174,32,10,15715,1397
11174,32,20,19067,1467
11174,32,30,26121,1466
11174,32,40,32895,1467
11174,32,50,35270,1397
11174,32,60,31918,1396
11174,32,70,32197,1467
11174,32,80,27099,1396
11174,32,90,12431,1397
11174,32,100,6565,978
11174,1,0,6635,1467
11174,1,10,14248,978
11174,1,20,19626,1397
11174,1,30,25632,1396
11174,1,40,32895,1467
11174,1,50,43232,1397
11174,1,60,32476,1397
11174,1,70,25353,1397
11174,1,80,23537,1885
11174,1,90,16134,1956
11174,1,100,6635,1397
14414,32,0,8521,1397
14414,32,10,15994,1466
14414,32,20,30032,1467
14414,32,30,32686,1397
14414,32,40,68514,1397
14414,32,50,46235,1467
14414,32,60,51613,1886
14414,32,70,32476,1886
14414,32,80,24654,1397
14414,32,90,16553,1466
14414,32,100,8101,1397
14414,1,0,8661,1396
14414,1,10,16273,1397
14414,1,20,24654,1397
14414,1,30,33873,1397
14414,1,40,41626,1466
14414,1,50,45118,1467
14414,1,60,50565,1886
14414,1,70,33873,1466
14414,1,80,24235,1396
14414,1,90,16273,1886
14414,1,100,8102,1397
18593,32,0,12362,1886
18593,32,10,20533,1397
18593,32,20,31009,1886
18593,32,30,43232,1885
18593,32,40,53917,1397
18593,32,50,58178,1397
18593,32,60,51962,1397
18593,32,70,42533,1886
18593,32,80,30591,1397
18593,32,90,20393,1467
18593,32,100,10127,1467
18593,1,0,12501,1886
18593,1,10,20464,1397
18593,1,20,30521,1956
18593,1,30,68236,1397
18593,1,40,52940,1397
18593,1,50,57619,1467
18593,1,60,52381,1396
18593,1,70,48400,1397
18593,1,80,30591,1467
18593,1,90,25282,1466
18593,1,100,9917,1466
23984,32,0,12851,1467
23984,32,10,26470,1816
23984,32,20,39181,908
23984,32,30,66280,1397
23984,32,40,76686,1467
23984,32,50,93867,1886
23984,32,60,92051,1466
23984,32,70,53359,1885
23984,32,80,37644,1467
23984,32,90,26191,1886
23984,32,100,11384,1886
23984,1,0,12990,1397
23984,1,10,25701,1885
23984,1,20,47073,1956
23984,1,30,53359,1886
23984,1,40,69144,1886
23984,1,50,74451,1955
23984,1,60,67677,1956
23984,1,70,53499,1955
23984,1,80,38553,1397
23984,1,90,25842,1396
23984,1,100,12781,1396
30938,32,0,16064,1886
30938,32,10,32337,1886
30938,32,20,48680,1397
30938,32,30,71169,1885
30938,32,40,87302,1467
30938,32,50,95823,1467
30938,32,60,85835,1885
30938,32,70,70959,1885
30938,32,80,50006,2375
30938,32,90,32895,1956
30938,32,100,15645,1886
30938,1,0,16622,1886
30938,1,10,33315,1467
30938,1,20,59854,1956
30938,1,30,69144,1886
30938,1,40,87093,1955
30938,1,50,96801,1886
30938,1,60,111607,1885
30938,1,70,68095,1956
30938,1,80,48749,1886
30938,1,90,33314,1467
30938,1,100,15784,1467
39908,32,0,20534,1815
39908,32,10,41836,1886
39908,32,20,64045,1885
39908,32,30,89747,2305
39908,32,40,116636,1885
39908,32,50,123480,1886
39908,32,60,115378,1956
39908,32,70,86743,1956
39908,32,80,62509,1885
39908,32,90,40927,1886
39908,32,100,19486,1885
39908,1,0,20603,1955
39908,1,10,41277,1886
39908,1,20,104414,2304
39908,1,30,89537,1886
39908,1,40,112375,3283
39908,1,50,181658,2374
39908,1,60,111537,1956
39908,1,70,88001,1886
39908,1,80,63695,1886
39908,1,90,41905,1955
39908,1,100,19904,1886
51479,32,0,25702,2374
51479,32,10,53010,2444
51479,32,20,99734,4260
51479,32,30,142616,2305
51479,32,40,149950,1886
51479,32,50,194648,2375
51479,32,60,142477,2374
51479,32,70,117265,1885
51479,32,80,79131,2305
51479,32,90,53359,1885
51479,32,100,24724,2374
51479,1,0,25772,2375
51479,1,10,52870,1816
51479,1,20,100781,2374
51479,1,30,119150,2445
51479,1,40,148274,2375
51479,1,50,157283,1956
51479,1,60,141848,1885
51479,1,70,115379,2375
51479,1,80,79759,2375
51479,1,90,52731,2375
51479,1,100,25283,2374
66405,32,0,32895,1885
66405,32,10,67188,2444
66405,32,20,111676,2305
66405,32,30,180261,2375
66405,32,40,190597,1885
66405,32,50,205334,1885
66405,32,60,182426,1397
66405,32,70,174744,2864
66405,32,80,102108,2444
66405,32,90,68235,2374
66405,32,100,32407,2444
66405,1,0,41346,2374
66405,1,10,67886,2375
66405,1,20,103157,2444
66405,1,30,145899,2374
66405,1,40,192274,2863
66405,1,50,258624,2863
66405,1,60,183614,2305
66405,1,70,146807,2374
66405,1,80,102178,2374
66405,1,90,67677,2444
66405,1,100,31987,2445
85658,32,0,41556,2305
85658,32,10,118242,3283
85658,32,20,140521,2864
85658,32,30,192274,2375
85658,32,40,238299,2793
85658,32,50,275455,1397
85658,32,60,236064,2863
85658,32,70,182776,2375
85658,32,80,130673,2863
85658,32,90,86673,2934
85658,32,100,40718,2375
85658,1,0,41835,2863
85658,1,10,88210,2864
85658,1,20,136960,2794
85658,1,30,191366,2933
85658,1,40,249614,2863
85658,1,50,269659,2374
85658,1,60,242559,2794
85658,1,70,187315,2793
85658,1,80,168877,2863
85658,1,90,86325,2864
85658,1,100,40368,2863
110493,32,0,53290,3352
110493,32,10,138427,3352
110493,32,20,174395,3422
110493,32,30,239068,2794
110493,32,40,319665,2934
110493,32,50,353887,2864
110493,32,60,301646,3352
110493,32,70,232014,2933
110493,32,80,170274,2375
110493,32,90,119569,2864
110493,32,100,52032,2864
110493,1,0,53778,3282
110493,1,10,120267,2863
110493,1,20,176141,2933
110493,1,30,252338,3352
110493,1,40,311075,3352
110493,1,50,340827,3283
110493,1,60,309887,3422
110493,1,70,267703,3771
110493,1,80,168668,3352
110493,1,90,120268,11524
110493,1,100,64324,3772
142529,32,0,80388,3911
142529,32,10,177677,3771
142529,32,20,303532,3422
142529,32,30,312402,3352
142529,32,40,421634,3771
142529,32,50,560898,4261
142529,32,60,404732,3422
142529,32,70,304858,3353
142529,32,80,235157,3352
142529,32,90,143525,5727
142529,32,100,77314,3842
142529,1,0,68794,3353
142529,1,10,146947,3283
142529,1,20,219861,3283
142529,1,30,305907,3422
142529,1,40,411856,3771
142529,1,50,441260,3352
142529,1,60,389437,3422
142529,1,70,301716,3282
142529,1,80,221258,5168
142529,1,90,146457,3352
142529,1,100,74451,3842
183854,32,0,88419,15575
183854,32,10,182916,4819
183854,32,20,375678,6565
183854,32,30,396630,5588
183854,32,40,524999,11314
183854,32,50,564809,4330
183854,32,60,509076,4679
183854,32,70,403894,5727
183854,32,80,294661,19905
183854,32,90,198490,3841
183854,32,100,103994,4819
183854,1,0,88349,4680
183854,1,10,182287,4820
183854,1,20,295989,4330
183854,1,30,399634,4260
183854,1,40,506980,5797
183854,1,50,589324,4260
183854,1,60,645616,6704
183854,1,70,384199,5658
183854,1,80,278668,4260
183854,1,90,182915,4330
183854,1,100,85417,5308
237160,32,0,113283,6216
237160,32,10,239766,5727
237160,32,20,369951,6216
237160,32,30,523742,5308
237160,32,40,679001,7054
237160,32,50,733407,6216
237160,32,60,642683,6635
237160,32,70,507539,5797
237160,32,80,448243,7264
237160,32,90,238998,5587
237160,32,100,113144,5727
237160,1,0,118242,6565
237160,1,10,240255,6076
237160,1,20,373234,8102
237160,1,30,539107,6146
237160,1,40,833000,7194
237160,1,50,744511,6635
237160,1,60,644359,6146
237160,1,70,512847,5797
237160,1,80,382453,5169
237160,1,90,236763,6076
237160,1,100,109581,4750
305921,32,0,145829,9429
305921,32,10,303183,7473
305921,32,20,463957,8521
305921,32,30,710220,8172
305921,32,40,875674,7543
305921,32,50,946214,6775
305921,32,60,835376,7054
305921,32,70,835865,8870
305921,32,80,460605,7612
305921,32,90,302484,6705
305921,32,100,147784,9010
305921,1,0,186687,9010
305921,1,10,308909,6705
305921,1,20,480161,6774
305921,1,30,662518,7054
305921,1,40,882170,9499
305921,1,50,971497,8661
305921,1,60,850601,13899
305921,1,70,638981,6565
305921,1,80,473386,10476
305921,1,90,311424,9079
305921,1,100,141220,6775
394619,32,0,191995,9079
394619,32,10,399214,8102
394619,32,20,610346,9009
394619,32,30,851439,9568
394619,32,40,1101821,14736
394619,32,50,1232076,14667
394619,32,60,1109853,9429
394619,32,70,877979,18717
394619,32,80,597635,10476
394619,32,90,398167,9010
394619,32,100,194509,9638
394619,1,0,192274,9917
394619,1,10,416885,10477
394619,1,20,628225,9359
394619,1,30,858214,8940
394619,1,40,1096583,9010
394619,1,50,1215803,14597
394619,1,60,1076119,16832
394619,1,70,825808,10057
394619,1,80,600358,9010
394619,1,90,451596,9149
394619,1,100,181938,14178
509033,32,0,241512,10057
509033,32,10,557476,12082
509033,32,20,808417,18019
509033,32,30,1092183,14248
509033,32,40,1442230,17041
509033,32,50,1844378,14806
509033,32,60,1582401,12991
509033,32,70,1075631,12921
509033,32,80,772657,11034
509033,32,90,509634,12851
509033,32,100,234458,12501
509033,1,0,246331,14457
509033,1,10,625222,13759
509033,1,20,783483,16622
509033,1,30,1101751,12920
509033,1,40,1400813,18019
509033,1,50,1594903,14457
509033,1,60,1429728,12502
509033,1,70,1082754,16693
509033,1,80,829369,13549
509033,1,90,503977,11803
509033,1,100,234808,12432
656620,32,0,317919,30102
656620,32,10,753592,43023
656620,32,20,1007256,28076
656620,32,30,1438318,30521
656620,32,40,1993629,35689
656620,32,50,2045870,28146
656620,32,60,1837812,32407
656620,32,70,1401931,42045
656620,32,80,1024995,31010
656620,32,90,662867,41486
656620,32,100,306885,34781
656620,1,0,311075,38134
656620,1,10,678931,28635
656620,1,20,1125428,29543
656620,1,30,1407099,34571
656620,1,40,1816930,33175
656620,1,50,2073039,46305
656620,1,60,1793393,35270
656620,1,70,1418064,34293
656620,1,80,995802,35271
656620,1,90,683750,45676
656620,1,100,319386,27936
846999,32,0,438535,37714
846999,32,10,879026,51403
846999,32,20,1390966,51474
846999,32,30,1860721,46724
846999,32,40,2341719,38482
846999,32,50,2651397,37645
846999,32,60,2354501,38553
846999,32,70,1781660,79271
846999,32,80,1299404,38972
846999,32,90,843826,53359
846999,32,100,457951,57969
846999,1,0,487913,42184
846999,1,10,892855,45328
846999,1,20,1392852,51124
846999,1,30,2024987,39251
846999,1,40,2360926,41695
846999,1,50,2661594,38552
846999,1,60,2323701,38622
846999,1,70,1816441,40578
846999,1,80,1282572,38692
846999,1,90,995662,39880
846999,1,100,389158,45467
1092574,32,0,615235,89327
1092574,32,10,1116069,53917
1092574,32,20,1695755,53988
1092574,32,30,2325656,75219
1092574,32,40,3068910,51822
1092574,32,50,3445776,64882
1092574,32,60,3030148,50705
1092574,32,70,2338367,55804
1092574,32,80,1693659,59086
1092574,32,90,1106361,81575
1092574,32,100,517108,59645
1092574,1,0,536873,93448
1092574,1,10,1127173,59226
1092574,1,20,1656923,49588
1092574,1,30,2336411,53359
1092574,1,40,3018135,52940
1092574,1,50,3401077,65302
1092574,1,60,3023374,52660
1092574,1,70,2304215,57200
1092574,1,80,1666142,76895
1092574,1,90,1076958,49937
1092574,1,100,505933,50426
1409351,32,0,685914,76267
1409351,32,10,1393270,73404
1409351,32,20,2327611,81226
1409351,32,30,3001025,125994
1409351,32,40,3910502,70121
1409351,32,50,4502549,75220
1409351,32,60,3865384,79690
1409351,32,70,2957653,72356
1409351,32,80,2174938,170274
1409351,32,90,1397322,72565
1409351,32,100,695552,107696
1409351,1,0,707635,73614
1409351,1,10,1408007,81924
1409351,1,20,2214747,81994
1409351,1,30,3042370,73543
1409351,1,40,3898350,71448
1409351,1,50,4395761,70889
1409351,1,60,3879562,71936
1409351,1,70,2987825,79061
1409351,1,80,2148887,80597
1409351,1,90,1396064,73054
1409351,1,100,650365,56223
1817974,32,0,865198,100711
1817974,32,10,1812180,78222
1817974,32,20,2813151,74033
1817974,32,30,3856584,72146
1817974,32,40,5020774,128858
1817974,32,50,5685038,81715
1817974,32,60,5044241,77175
1817974,32,70,3831860,107905
1817974,32,80,2958561,98267
1817974,32,90,1895501,75778
1817974,32,100,837401,71867
1817974,1,0,932735,74521
1817974,1,10,1923089,105740
1817974,1,20,2776274,73474
1817974,1,30,3890457,74660
1817974,1,40,5057022,75010
1817974,1,50,5678053,101619
1817974,1,60,4975027,76896
1817974,1,70,3803784,122502
1817974,1,80,2741004,74381
1817974,1,90,1810016,80946
1817974,1,100,845432,72566
2345071,32,0,1119491,102388
2345071,32,10,2418755,137239
2345071,32,20,3554310,111607
2345071,32,30,5326331,125226
2345071,32,40,6528724,166502
2345071,32,50,7310113,155607
2345071,32,60,6421448,127811
2345071,32,70,4945904,276503
2345071,32,80,3521415,95404
2345071,32,90,2320628,105461
2345071,32,100,1086526,125156
2345071,1,0,1119910,122083
2345071,1,10,2322304,108953
2345071,1,20,3561922,137867
2345071,1,30,4970977,96381
2345071,1,40,6640541,108184
2345071,1,50,7362983,127600
2345071,1,60,6416209,97150
2345071,1,70,4927116,94915
2345071,1,80,3563878,97220
2345071,1,90,2320348,105391
2345071,1,100,1090367,125226
3024992,32,0,1465487,125296
3024992,32,10,2995297,208128
3024992,32,20,4643070,139823
3024992,32,30,6431365,149880
3024992,32,40,8623694,179563
3024992,32,50,9597006,136470
3024992,32,60,8285380,159728
3024992,32,70,6358311,145829
3024992,32,80,4603260,176769
3024992,32,90,3014225,135283
3024992,32,100,1503341,156096
3024992,1,0,1440902,143665
3024992,1,10,3096848,132978
3024992,1,20,4636715,159309
3024992,1,30,6416559,135562
3024992,1,40,8415775,166432
3024992,1,50,9462072,182985
3024992,1,60,8239775,189201
3024992,1,70,6320457,130673
3024992,1,80,4615204,137937
3024992,1,90,3299318,155258
3024992,1,100,1412407,133328
3902048,32,0,1879997,187944
3902048,32,10,4031258,260998
3902048,32,20,6117008,173138
3902048,32,30,8299698,175581
3902048,32,40,11079046,230408
3902048,32,50,12179260,202751
3902048,32,60,10642186,238370
3902048,32,70,8417521,172020
3902048,32,80,5918658,248077
3902048,32,90,3872228,355843
3902048,32,100,1934892,300599
3902048,1,0,1913031,263373
3902048,1,10,4026439,291239
3902048,1,20,6118475,173486
3902048,1,30,8284263,183055
3902048,1,40,11003825,238928
3902048,1,50,12191204,257646
3902048,1,60,10601189,213925
3902048,1,70,8156872,213995
3902048,1,80,5895401,200864
3902048,1,90,3890946,162591
3902048,1,100,1820282,208268
5033394,32,0,2396336,356332
5033394,32,10,5009529,233271
5033394,32,20,7706463,251360
5033394,32,30,10624865,401031
5033394,32,40,13932844,240046
5033394,32,50,15678675,628994
5033394,32,60,13770671,246821
5033394,32,70,10512490,236344
5033394,32,80,7785455,378262
5033394,32,90,4992418,277760
5033394,32,100,2326075,403615
5033394,1,0,2467224,455297
5033394,1,10,6848599,521786
5033394,1,20,7904185,221049
5033394,1,30,10722784,277621
5033394,1,40,13922088,227614
5033394,1,50,15745164,243608
5033394,1,60,13773745,233411
5033394,1,70,10622561,703444
5033394,1,80,7593390,337335
5033394,1,90,5147607,237392
5033394,1,100,2323910,408294
6492758,32,0,3163197,516409
6492758,32,10,6600801,558174
6492758,32,20,9875046,555380
6492758,32,30,13676665,307513
6492758,32,40,18412066,297875
6492758,32,50,20270760,280415
6492758,32,60,17805421,796893
6492758,32,70,13550391,491685
6492758,32,80,9811280,292986
6492758,32,90,6424940,339500
6492758,32,100,2999767,555520
6492758,1,0,3176536,324274
6492758,1,10,6431924,280764
6492758,1,20,10271467,561317
6492758,1,30,14027549,318967
6492758,1,40,18124109,279506
6492758,1,50,20401225,479253
6492758,1,60,17804933,364713
6492758,1,70,13520289,402358
6492758,1,80,9829020,349208
6492758,1,90,6433251,602105
6492758,1,100,3006332,497063
8375245,32,0,4110319,784042
8375245,32,10,8404810,932037
8375245,32,20,13023925,635210
8375245,32,30,17746824,642822
8375245,32,40,23191118,369672
8375245,32,50,26123977,697927
8375245,32,60,23079930,548327
8375245,32,70,17503077,609159
8375245,32,80,12675415,698067
8375245,32,90,8442315,780550
8375245,32,100,3899118,395862
8375245,1,0,4018896,904799
8375245,1,10,8286777,474574
8375245,1,20,13663185,682841
8375245,1,30,17741796,925331
8375245,1,40,23321861,670549
8375245,1,50,26308080,664263
8375245,1,60,23049968,801223
8375245,1,70,17536741,639610
8375245,1,80,12637003,645336
8375245,1,90,8304028,645895
8375245,1,100,3889480,635698
